Date,Line,Shift,Units_Produced,Defect_Rate,Downtime_Minutes,Temperature_C,Humidity_%
2024-01-01,A,Morning,482,2.96,32,24.6,54
2024-01-01,A,Afternoon,508,2.73,58,23.8,61
2024-01-01,A,Night,481,4.2,30,26.8,58
2024-01-01,B,Morning,496,1.84,52,29.0,58
2024-01-01,B,Afternoon,438,1.77,74,30.0,51
2024-01-01,B,Night,436,2.06,37,28.5,71
2024-01-02,A,Morning,467,3.54,37,22.0,63
2024-01-02,A,Afternoon,519,2.95,38,26.1,56
2024-01-02,A,Night,469,4.49,47,26.6,57
2024-01-02,B,Morning,477,1.77,41,27.2,56
2024-01-02,B,Afternoon,485,2.2,58,28.0,62
2024-01-02,B,Night,480,2.16,46,23.5,60
2024-01-03,A,Morning,495,2.57,31,26.8,68
2024-01-03,A,Afternoon,549,3.03,34,26.6,55
2024-01-03,A,Night,532,5.05,41,23.6,54
2024-01-03,B,Morning,480,1.78,60,26.5,58
2024-01-03,B,Afternoon,467,1.65,58,22.8,66
2024-01-03,B,Night,450,1.67,36,27.5,60
2024-01-04,A,Morning,508,2.61,35,26.5,61
2024-01-04,A,Afternoon,532,3.15,24,28.4,66
2024-01-04,A,Night,501,4.99,25,27.1,52
2024-01-04,B,Morning,447,1.95,46,25.2,63
2024-01-04,B,Afternoon,479,2.04,58,27.5,57
2024-01-04,B,Night,482,2.39,62,24.9,61
2024-01-05,A,Morning,550,2.9,37,26.8,58
2024-01-05,A,Afternoon,503,4.22,43,30.0,56
2024-01-05,A,Night,457,6.55,56,29.3,65
2024-01-05,B,Morning,513,1.97,33,24.8,55
2024-01-05,B,Afternoon,484,2.02,63,26.7,72
2024-01-05,B,Night,466,1.96,29,25.4,63
2024-01-06,A,Morning,547,3.1,45,30.0,50
2024-01-06,A,Afternoon,504,3.95,40,25.7,60
2024-01-06,A,Night,494,5.4,38,23.4,58
2024-01-06,B,Morning,459,1.97,45,26.8,53
2024-01-06,B,Afternoon,478,2.08,47,27.2,62
2024-01-06,B,Night,463,1.59,41,28.2,61
2024-01-07,A,Morning,515,2.69,28,27.1,49
2024-01-07,A,Afternoon,502,3.08,23,25.3,51
2024-01-07,A,Night,521,4.62,37,27.9,55
2024-01-07,B,Morning,490,1.8,41,29.8,62
2024-01-07,B,Afternoon,441,1.73,74,28.3,51
2024-01-07,B,Night,510,1.81,43,26.6,54
2024-01-08,A,Morning,522,1.9,51,25.6,57
2024-01-08,A,Afternoon,499,3.57,52,28.8,61
2024-01-08,A,Night,526,5.54,21,26.9,55
2024-01-08,B,Morning,420,2.55,47,27.5,59
2024-01-08,B,Afternoon,484,1.66,51,23.1,61
2024-01-08,B,Night,484,1.72,48,24.6,59
2024-01-09,A,Morning,503,2.73,47,26.1,61
2024-01-09,A,Afternoon,538,3.82,18,28.3,58
2024-01-09,A,Night,479,6.09,41,28.9,57
2024-01-09,B,Morning,456,2.0,55,27.4,58
2024-01-09,B,Afternoon,480,1.58,71,27.5,61
2024-01-09,B,Night,453,1.71,44,24.2,60
2024-01-10,A,Morning,566,3.87,12,30.3,65
2024-01-10,A,Afternoon,453,3.13,59,26.2,56
2024-01-10,A,Night,540,5.8,48,26.0,63
2024-01-10,B,Morning,466,1.55,61,24.9,68
2024-01-10,B,Afternoon,466,2.03,74,27.9,56
2024-01-10,B,Night,484,2.39,41,26.9,57
2024-01-11,A,Morning,509,3.03,33,21.9,63
2024-01-11,A,Afternoon,520,2.5,32,25.8,65
2024-01-11,A,Night,474,4.71,45,25.8,59
2024-01-11,B,Morning,476,2.45,48,24.9,59
2024-01-11,B,Afternoon,503,2.47,54,26.5,60
2024-01-11,B,Night,503,1.77,32,29.0,66
2024-01-12,A,Morning,586,4.09,43,29.3,56
2024-01-12,A,Afternoon,538,3.55,40,26.4,60
2024-01-12,A,Night,533,4.62,51,25.1,70
2024-01-12,B,Morning,468,1.84,50,25.9,63
2024-01-12,B,Afternoon,493,2.52,58,25.0,67
2024-01-12,B,Night,430,1.46,52,26.1,61
2024-01-13,A,Morning,461,2.49,44,25.7,48
2024-01-13,A,Afternoon,522,3.67,27,23.6,65
2024-01-13,A,Night,463,6.99,20,30.1,62
2024-01-13,B,Morning,432,2.66,40,28.3,54
2024-01-13,B,Afternoon,499,2.14,56,28.5,57
2024-01-13,B,Night,486,1.62,35,25.0,57
2024-01-14,A,Morning,494,3.88,37,28.3,60
2024-01-14,A,Afternoon,547,3.24,36,26.0,51
2024-01-14,A,Night,486,6.93,53,32.1,60
2024-01-14,B,Morning,505,1.71,58,26.9,62
2024-01-14,B,Afternoon,484,1.74,50,25.9,52
2024-01-14,B,Night,452,2.17,33,27.3,60
2024-01-15,A,Morning,536,3.19,46,29.3,55
2024-01-15,A,Afternoon,521,3.16,41,28.3,66
2024-01-15,A,Night,471,3.77,39,26.7,59
2024-01-15,B,Morning,468,2.0,43,24.2,60
2024-01-15,B,Afternoon,470,1.77,74,22.7,59
2024-01-15,B,Night,461,1.98,47,28.5,56
2024-01-16,A,Morning,537,3.19,39,28.6,62
2024-01-16,A,Afternoon,513,3.13,41,27.0,62
2024-01-16,A,Night,503,5.08,26,28.0,59
2024-01-16,B,Morning,473,2.0,59,24.5,58
2024-01-16,B,Afternoon,476,2.2,58,29.8,62
2024-01-16,B,Night,484,2.42,44,30.9,63
2024-01-17,A,Morning,494,3.25,19,23.7,56
2024-01-17,A,Afternoon,480,2.66,31,26.4,60
2024-01-17,A,Night,536,6.55,37,30.2,61
2024-01-17,B,Morning,451,2.14,23,28.3,64
2024-01-17,B,Afternoon,473,2.2,64,23.3,64
2024-01-17,B,Night,453,1.67,28,29.3,61
2024-01-18,A,Morning,523,3.64,39,31.5,61
2024-01-18,A,Afternoon,507,2.95,23,26.9,59
2024-01-18,A,Night,507,5.37,40,26.2,63
2024-01-18,B,Morning,488,2.3,35,29.0,58
2024-01-18,B,Afternoon,414,2.63,56,27.3,62
2024-01-18,B,Night,464,1.87,44,25.4,57
2024-01-19,A,Morning,586,3.68,26,27.9,53
2024-01-19,A,Afternoon,529,3.74,39,31.0,68
2024-01-19,A,Night,471,5.27,52,28.0,49
2024-01-19,B,Morning,474,1.9,44,27.9,57
2024-01-19,B,Afternoon,459,2.5,64,28.1,49
2024-01-19,B,Night,485,2.26,46,27.4,50
2024-01-20,A,Morning,515,3.61,36,22.8,56
2024-01-20,A,Afternoon,504,4.26,33,30.0,51
2024-01-20,A,Night,514,6.34,47,28.1,64
2024-01-20,B,Morning,443,1.84,55,26.1,56
2024-01-20,B,Afternoon,483,2.35,45,29.0,52
2024-01-20,B,Night,489,1.94,45,26.4,53
2024-01-21,A,Morning,509,2.91,35,26.8,62
2024-01-21,A,Afternoon,515,2.19,47,27.2,58
2024-01-21,A,Night,536,5.0,30,27.5,61
2024-01-21,B,Morning,467,1.45,50,25.1,63
2024-01-21,B,Afternoon,519,1.77,66,22.1,59
2024-01-21,B,Night,456,1.56,49,26.2,59
2024-01-22,A,Morning,500,2.83,45,26.5,70
2024-01-22,A,Afternoon,544,3.05,38,25.6,62
2024-01-22,A,Night,478,5.01,32,27.3,63
2024-01-22,B,Morning,456,2.2,58,24.1,52
2024-01-22,B,Afternoon,492,2.44,62,27.1,55
2024-01-22,B,Night,459,1.95,34,27.8,67
2024-01-23,A,Morning,508,3.43,38,24.6,53
2024-01-23,A,Afternoon,510,3.35,40,25.5,66
2024-01-23,A,Night,527,6.34,35,29.7,60
2024-01-23,B,Morning,500,1.67,47,29.0,51
2024-01-23,B,Afternoon,460,1.36,64,29.9,73
2024-01-23,B,Night,451,2.13,34,27.9,63
2024-01-24,A,Morning,472,2.43,40,25.1,60
2024-01-24,A,Afternoon,479,2.53,42,22.3,55
2024-01-24,A,Night,434,6.85,19,28.4,56
2024-01-24,B,Morning,544,2.2,47,27.9,65
2024-01-24,B,Afternoon,465,1.64,64,26.9,63
2024-01-24,B,Night,457,2.2,43,29.4,53
2024-01-25,A,Morning,504,2.79,32,25.2,66
2024-01-25,A,Afternoon,529,3.19,30,26.5,54
2024-01-25,A,Night,476,5.14,40,21.2,60
2024-01-25,B,Morning,479,2.37,55,25.7,54
2024-01-25,B,Afternoon,518,1.97,49,26.1,56
2024-01-25,B,Night,462,1.68,34,25.3,51
2024-01-26,A,Morning,528,2.18,35,25.9,47
2024-01-26,A,Afternoon,518,3.52,41,31.4,63
2024-01-26,A,Night,460,2.93,44,27.6,60
2024-01-26,B,Morning,498,1.93,62,26.0,67
2024-01-26,B,Afternoon,492,1.79,62,26.0,56
2024-01-26,B,Night,477,1.91,51,26.1,63
2024-01-27,A,Morning,490,3.08,24,26.9,58
2024-01-27,A,Afternoon,523,2.86,51,21.4,58
2024-01-27,A,Night,447,5.2,31,24.3,57
2024-01-27,B,Morning,488,2.08,47,24.8,54
2024-01-27,B,Afternoon,465,1.33,89,27.9,54
2024-01-27,B,Night,452,2.28,44,27.6,66
2024-01-28,A,Morning,549,3.7,39,27.4,63
2024-01-28,A,Afternoon,534,3.22,58,24.6,57
2024-01-28,A,Night,514,4.98,47,27.2,60
2024-01-28,B,Morning,512,1.76,32,25.9,57
2024-01-28,B,Afternoon,464,2.3,73,26.4,59
2024-01-28,B,Night,446,2.07,59,26.8,57
2024-01-29,A,Morning,536,2.48,38,25.6,68
2024-01-29,A,Afternoon,536,2.93,53,24.9,63
2024-01-29,A,Night,452,4.57,52,26.6,62
2024-01-29,B,Morning,466,1.5,32,31.1,55
2024-01-29,B,Afternoon,475,1.42,60,24.5,58
2024-01-29,B,Night,504,1.6,59,25.2,64
2024-01-30,A,Morning,525,3.32,44,24.2,72
2024-01-30,A,Afternoon,556,3.36,54,28.0,53
2024-01-30,A,Night,485,5.0,38,23.7,59
2024-01-30,B,Morning,423,2.2,58,23.8,65
2024-01-30,B,Afternoon,480,1.87,41,24.0,60
2024-01-30,B,Night,454,2.08,42,25.4,61
2024-01-31,A,Morning,487,2.99,48,27.0,57
2024-01-31,A,Afternoon,519,2.88,47,27.7,61
2024-01-31,A,Night,464,4.49,45,25.4,55
2024-01-31,B,Morning,490,1.95,41,30.4,63
2024-01-31,B,Afternoon,447,1.25,65,27.2,59
2024-01-31,B,Night,439,1.98,39,26.2,62
2024-02-01,A,Morning,519,2.62,44,23.6,53
2024-02-01,A,Afternoon,485,3.6,40,29.8,62
2024-02-01,A,Night,503,5.06,50,27.9,64
2024-02-01,B,Morning,478,2.04,45,29.3,52
2024-02-01,B,Afternoon,438,1.88,58,24.6,56
2024-02-01,B,Night,487,1.99,27,30.5,68
2024-02-02,A,Morning,523,3.66,27,28.4,59
2024-02-02,A,Afternoon,552,2.61,59,26.0,56
2024-02-02,A,Night,567,4.14,48,26.1,57
2024-02-02,B,Morning,497,1.91,41,25.7,60
2024-02-02,B,Afternoon,480,1.94,58,28.3,61
2024-02-02,B,Night,452,2.12,41,28.2,59
2024-02-03,A,Morning,549,2.96,51,27.8,52
2024-02-03,A,Afternoon,553,3.7,41,25.8,56
2024-02-03,A,Night,563,6.48,44,28.8,58
2024-02-03,B,Morning,472,2.19,39,27.5,58
2024-02-03,B,Afternoon,464,2.15,39,26.7,57
2024-02-03,B,Night,491,1.72,37,25.4,65
2024-02-04,A,Morning,529,2.77,46,26.4,62
2024-02-04,A,Afternoon,506,3.44,22,29.0,62
2024-02-04,A,Night,522,4.58,54,25.4,50
2024-02-04,B,Morning,454,2.46,53,27.2,58
2024-02-04,B,Afternoon,409,2.25,76,25.0,62
2024-02-04,B,Night,464,1.45,43,27.2,62
2024-02-05,A,Morning,511,3.15,46,22.7,56
2024-02-05,A,Afternoon,529,3.69,51,27.9,61
2024-02-05,A,Night,516,5.14,24,25.7,65
2024-02-05,B,Morning,458,2.58,44,27.8,60
2024-02-05,B,Afternoon,455,1.93,54,26.7,62
2024-02-05,B,Night,447,2.44,55,25.2,56
2024-02-06,A,Morning,570,2.79,32,25.4,63
2024-02-06,A,Afternoon,511,3.99,47,30.7,54
2024-02-06,A,Night,483,5.26,49,27.0,60
2024-02-06,B,Morning,485,1.91,41,27.7,61
2024-02-06,B,Afternoon,486,2.33,64,28.8,57
2024-02-06,B,Night,474,2.16,42,31.3,59
2024-02-07,A,Morning,506,3.95,28,31.6,58
2024-02-07,A,Afternoon,516,3.37,45,28.0,54
2024-02-07,A,Night,487,4.99,43,25.3,57
2024-02-07,B,Morning,482,1.97,48,26.8,65
2024-02-07,B,Afternoon,465,2.03,53,29.0,50
2024-02-07,B,Night,435,1.75,44,24.2,54
2024-02-08,A,Morning,533,2.3,43,24.0,57
2024-02-08,A,Afternoon,494,3.38,39,30.0,66
2024-02-08,A,Night,507,4.87,50,24.9,59
2024-02-08,B,Morning,490,1.96,50,29.5,60
2024-02-08,B,Afternoon,450,2.09,59,29.4,66
2024-02-08,B,Night,465,2.43,31,28.6,68
2024-02-09,A,Morning,529,4.05,28,30.1,59
2024-02-09,A,Afternoon,511,2.81,45,27.3,59
2024-02-09,A,Night,513,6.03,32,23.9,60
2024-02-09,B,Morning,481,1.99,55,26.0,60
2024-02-09,B,Afternoon,481,2.46,67,25.4,58
2024-02-09,B,Night,456,1.95,28,23.5,48
2024-02-10,A,Morning,514,3.5,17,28.4,61
2024-02-10,A,Afternoon,546,2.64,51,25.0,65
2024-02-10,A,Night,452,4.98,38,30.5,61
2024-02-10,B,Morning,496,1.95,38,25.7,61
2024-02-10,B,Afternoon,469,1.61,70,30.1,65
2024-02-10,B,Night,469,2.55,53,28.0,61
2024-02-11,A,Morning,500,3.21,53,26.2,63
2024-02-11,A,Afternoon,516,2.43,52,26.2,60
2024-02-11,A,Night,475,4.68,44,27.1,54
2024-02-11,B,Morning,475,2.19,44,25.6,59
2024-02-11,B,Afternoon,483,2.18,68,24.1,51
2024-02-11,B,Night,478,2.08,42,27.4,65
2024-02-12,A,Morning,523,3.31,45,29.0,63
2024-02-12,A,Afternoon,524,2.72,37,27.4,65
2024-02-12,A,Night,474,5.71,50,27.9,61
2024-02-12,B,Morning,461,2.08,26,26.7,51
2024-02-12,B,Afternoon,475,2.06,60,25.1,63
2024-02-12,B,Night,512,2.03,36,24.7,61
2024-02-13,A,Morning,553,2.6,49,24.8,59
2024-02-13,A,Afternoon,455,3.18,47,28.2,65
2024-02-13,A,Night,503,4.46,24,26.7,53
2024-02-13,B,Morning,426,1.97,32,24.8,52
2024-02-13,B,Afternoon,468,2.14,37,24.9,60
2024-02-13,B,Night,435,2.01,32,28.4,51
2024-02-14,A,Morning,512,4.69,27,28.6,62
2024-02-14,A,Afternoon,551,3.6,44,24.1,55
2024-02-14,A,Night,523,5.76,33,22.2,55
2024-02-14,B,Morning,492,2.53,51,28.6,55
2024-02-14,B,Afternoon,434,1.98,45,27.8,51
2024-02-14,B,Night,477,1.78,62,25.0,77
2024-02-15,A,Morning,516,2.97,45,25.5,49
2024-02-15,A,Afternoon,509,3.17,36,26.3,55
2024-02-15,A,Night,560,4.42,36,25.3,64
2024-02-15,B,Morning,485,1.75,45,30.3,59
2024-02-15,B,Afternoon,485,1.79,47,25.4,60
2024-02-15,B,Night,452,1.84,42,28.8,64
2024-02-16,A,Morning,508,3.64,38,29.1,58
2024-02-16,A,Afternoon,478,3.5,38,28.1,63
2024-02-16,A,Night,471,6.12,38,28.7,62
2024-02-16,B,Morning,445,2.04,48,33.6,61
2024-02-16,B,Afternoon,468,1.77,77,24.8,69
2024-02-16,B,Night,492,2.2,39,30.0,58
2024-02-17,A,Morning,547,4.25,43,30.2,56
2024-02-17,A,Afternoon,545,2.22,41,27.8,72
2024-02-17,A,Night,484,5.53,57,27.5,57
2024-02-17,B,Morning,495,1.68,42,23.5,70
2024-02-17,B,Afternoon,469,1.98,59,27.7,64
2024-02-17,B,Night,444,2.02,50,28.0,62
2024-02-18,A,Morning,552,2.62,38,24.0,58
2024-02-18,A,Afternoon,505,3.15,39,26.7,56
2024-02-18,A,Night,473,4.39,49,23.5,68
2024-02-18,B,Morning,480,1.71,47,25.2,56
2024-02-18,B,Afternoon,468,1.77,60,28.0,66
2024-02-18,B,Night,471,2.24,40,27.1,49
2024-02-19,A,Morning,528,2.68,33,26.8,69
2024-02-19,A,Afternoon,522,3.18,35,25.7,60
2024-02-19,A,Night,485,5.31,59,28.1,57
2024-02-19,B,Morning,496,1.97,42,24.6,55
2024-02-19,B,Afternoon,480,2.08,59,31.3,58
2024-02-19,B,Night,496,2.37,57,29.4,62
2024-02-20,A,Morning,499,3.99,45,30.3,64
2024-02-20,A,Afternoon,519,4.3,24,28.9,69
2024-02-20,A,Night,421,4.11,58,27.2,54
2024-02-20,B,Morning,487,2.28,38,27.3,60
2024-02-20,B,Afternoon,433,2.0,59,25.5,63
2024-02-20,B,Night,432,1.89,44,25.8,52
2024-02-21,A,Morning,526,2.69,31,25.1,69
2024-02-21,A,Afternoon,526,2.79,29,25.1,60
2024-02-21,A,Night,475,5.34,29,25.9,49
2024-02-21,B,Morning,488,2.47,45,26.6,60
2024-02-21,B,Afternoon,465,1.75,46,27.0,56
2024-02-21,B,Night,478,2.05,56,27.8,62
2024-02-22,A,Morning,536,3.09,35,24.7,63
2024-02-22,A,Afternoon,535,2.5,34,27.9,58
2024-02-22,A,Night,557,4.52,34,24.6,61
2024-02-22,B,Morning,475,2.23,46,27.4,62
2024-02-22,B,Afternoon,461,1.95,54,23.5,60
2024-02-22,B,Night,475,1.95,33,26.7,59
2024-02-23,A,Morning,518,3.25,36,28.5,67
2024-02-23,A,Afternoon,532,2.52,29,25.9,60
2024-02-23,A,Night,519,5.74,57,30.3,60
2024-02-23,B,Morning,485,2.59,73,30.4,59
2024-02-23,B,Afternoon,488,2.09,58,24.5,69
2024-02-23,B,Night,472,1.79,44,29.8,58
2024-02-24,A,Morning,479,3.88,52,29.4,61
2024-02-24,A,Afternoon,526,3.02,45,27.0,56
2024-02-24,A,Night,485,6.36,27,28.6,58
2024-02-24,B,Morning,462,1.9,51,25.5,53
2024-02-24,B,Afternoon,472,2.2,79,27.4,49
2024-02-24,B,Night,452,1.99,52,26.2,67
2024-02-25,A,Morning,519,3.34,44,30.8,61
2024-02-25,A,Afternoon,552,3.54,35,25.6,59
2024-02-25,A,Night,515,5.83,48,23.1,58
2024-02-25,B,Morning,454,1.54,44,29.5,65
2024-02-25,B,Afternoon,437,2.02,52,26.4,62
2024-02-25,B,Night,442,1.86,50,23.9,55
2024-02-26,A,Morning,540,2.8,26,27.5,61
2024-02-26,A,Afternoon,522,3.45,35,25.1,55
2024-02-26,A,Night,562,5.4,38,30.9,68
2024-02-26,B,Morning,449,1.77,39,25.9,59
2024-02-26,B,Afternoon,499,2.14,55,23.8,63
2024-02-26,B,Night,442,2.13,54,26.6,57
2024-02-27,A,Morning,568,3.17,57,29.3,67
2024-02-27,A,Afternoon,507,4.06,47,31.4,58
2024-02-27,A,Night,513,2.98,47,26.1,50
2024-02-27,B,Morning,461,2.2,46,25.7,62
2024-02-27,B,Afternoon,474,2.48,61,27.1,62
2024-02-27,B,Night,489,1.46,46,27.7,57
2024-02-28,A,Morning,541,3.68,49,27.4,55
2024-02-28,A,Afternoon,549,3.47,44,27.8,67
2024-02-28,A,Night,529,6.27,37,28.0,57
2024-02-28,B,Morning,514,2.36,43,25.2,63
2024-02-28,B,Afternoon,471,2.06,49,23.7,58
2024-02-28,B,Night,478,2.08,47,27.8,65
2024-02-29,A,Morning,514,3.53,39,31.8,59
2024-02-29,A,Afternoon,530,3.71,42,25.3,61
2024-02-29,A,Night,518,6.82,44,28.6,68
2024-02-29,B,Morning,481,1.88,43,27.4,62
2024-02-29,B,Afternoon,475,2.12,55,28.2,62
2024-02-29,B,Night,470,2.27,59,27.7,56
2024-03-01,A,Morning,523,2.92,49,25.7,66
2024-03-01,A,Afternoon,531,3.59,60,26.1,60
2024-03-01,A,Night,558,6.87,40,31.0,62
2024-03-01,B,Morning,461,2.04,59,28.2,64
2024-03-01,B,Afternoon,455,1.85,58,27.8,57
2024-03-01,B,Night,461,2.28,35,25.9,68
2024-03-02,A,Morning,490,2.71,22,26.6,58
2024-03-02,A,Afternoon,529,3.55,44,27.6,60
2024-03-02,A,Night,482,5.86,48,26.7,50
2024-03-02,B,Morning,485,2.48,55,25.8,68
2024-03-02,B,Afternoon,486,1.95,59,25.0,56
2024-03-02,B,Night,470,2.22,49,29.3,54
2024-03-03,A,Morning,522,3.52,38,26.8,59
2024-03-03,A,Afternoon,483,3.03,32,29.5,65
2024-03-03,A,Night,531,3.97,42,27.3,58
2024-03-03,B,Morning,505,2.32,51,26.2,63
2024-03-03,B,Afternoon,447,2.27,74,27.9,67
2024-03-03,B,Night,449,1.17,56,26.9,59
2024-03-04,A,Morning,594,3.27,49,28.9,67
2024-03-04,A,Afternoon,490,3.3,22,25.6,54
2024-03-04,A,Night,476,6.09,41,31.7,55
2024-03-04,B,Morning,457,1.85,45,26.3,55
2024-03-04,B,Afternoon,481,2.35,52,27.4,64
2024-03-04,B,Night,443,2.25,22,24.6,55
2024-03-05,A,Morning,538,3.64,27,28.8,64
2024-03-05,A,Afternoon,544,2.73,32,26.9,61
2024-03-05,A,Night,516,4.28,35,26.0,59
2024-03-05,B,Morning,444,2.11,38,29.4,62
2024-03-05,B,Afternoon,483,1.92,70,28.9,60
2024-03-05,B,Night,483,1.73,36,24.0,63
2024-03-06,A,Morning,538,3.64,57,25.3,62
2024-03-06,A,Afternoon,560,2.37,35,23.4,60
2024-03-06,A,Night,499,4.74,44,24.2,58
2024-03-06,B,Morning,452,2.25,39,29.2,64
2024-03-06,B,Afternoon,458,2.0,55,27.6,70
2024-03-06,B,Night,481,2.32,42,23.6,62
2024-03-07,A,Morning,525,2.94,25,26.6,67
2024-03-07,A,Afternoon,534,3.46,35,24.0,67
2024-03-07,A,Night,496,5.95,24,26.4,55
2024-03-07,B,Morning,466,2.28,42,27.7,67
2024-03-07,B,Afternoon,476,2.6,59,24.2,60
2024-03-07,B,Night,459,1.9,37,27.6,63
2024-03-08,A,Morning,537,2.98,23,24.5,46
2024-03-08,A,Afternoon,568,3.37,31,24.9,60
2024-03-08,A,Night,511,5.4,43,29.8,62
2024-03-08,B,Morning,451,2.32,44,30.1,60
2024-03-08,B,Afternoon,454,1.84,57,23.5,61
2024-03-08,B,Night,488,2.1,28,26.6,56
2024-03-09,A,Morning,480,3.05,27,26.1,66
2024-03-09,A,Afternoon,500,3.97,44,30.7,60
2024-03-09,A,Night,493,5.1,31,27.8,59
2024-03-09,B,Morning,481,1.66,40,30.2,58
2024-03-09,B,Afternoon,427,1.97,48,24.7,57
2024-03-09,B,Night,478,1.9,48,28.0,57
2024-03-10,A,Morning,467,3.2,33,22.8,58
2024-03-10,A,Afternoon,525,2.75,38,23.7,55
2024-03-10,A,Night,479,4.85,26,27.2,63
2024-03-10,B,Morning,494,1.66,23,31.1,63
2024-03-10,B,Afternoon,469,1.96,63,30.6,56
2024-03-10,B,Night,474,2.04,40,27.0,62
2024-03-11,A,Morning,534,4.25,42,29.4,63
2024-03-11,A,Afternoon,508,3.51,47,25.4,59
2024-03-11,A,Night,478,5.29,34,31.5,52
2024-03-11,B,Morning,477,2.47,34,26.0,55
2024-03-11,B,Afternoon,448,2.45,66,28.1,56
2024-03-11,B,Night,468,1.92,54,26.9,58
2024-03-12,A,Morning,527,2.18,41,26.7,62
2024-03-12,A,Afternoon,522,2.92,37,26.2,62
2024-03-12,A,Night,487,5.81,29,27.8,54
2024-03-12,B,Morning,481,1.96,40,26.4,63
2024-03-12,B,Afternoon,448,2.27,48,27.9,54
2024-03-12,B,Night,463,2.02,32,26.0,67
2024-03-13,A,Morning,560,3.49,50,24.9,58
2024-03-13,A,Afternoon,543,3.88,30,29.9,61
2024-03-13,A,Night,478,5.65,35,24.4,71
2024-03-13,B,Morning,484,2.86,49,29.5,65
2024-03-13,B,Afternoon,468,2.02,68,26.2,64
2024-03-13,B,Night,470,2.54,39,23.9,60
2024-03-14,A,Morning,517,3.09,45,28.0,44
2024-03-14,A,Afternoon,492,1.95,50,26.7,67
2024-03-14,A,Night,512,3.89,54,26.2,66
2024-03-14,B,Morning,450,1.81,44,25.4,60
2024-03-14,B,Afternoon,450,1.89,61,26.9,61
2024-03-14,B,Night,438,2.58,39,25.5,56
2024-03-15,A,Morning,501,3.25,20,27.6,57
2024-03-15,A,Afternoon,493,3.62,36,28.3,68
2024-03-15,A,Night,487,4.89,49,25.4,66
2024-03-15,B,Morning,496,2.13,32,28.4,63
2024-03-15,B,Afternoon,468,1.8,67,25.4,61
2024-03-15,B,Night,475,2.13,45,24.8,61
2024-03-16,A,Morning,510,4.02,42,29.9,59
2024-03-16,A,Afternoon,535,4.44,49,29.7,55
2024-03-16,A,Night,489,5.89,28,30.0,62
2024-03-16,B,Morning,458,1.88,47,30.5,55
2024-03-16,B,Afternoon,450,2.71,52,24.9,59
2024-03-16,B,Night,443,1.98,39,29.5,55
2024-03-17,A,Morning,512,3.19,31,26.4,56
2024-03-17,A,Afternoon,541,3.99,58,28.7,59
2024-03-17,A,Night,508,5.39,42,27.8,57
2024-03-17,B,Morning,505,1.7,47,27.7,65
2024-03-17,B,Afternoon,484,2.31,77,28.9,63
2024-03-17,B,Night,463,1.73,50,27.5,64
2024-03-18,A,Morning,490,2.16,9,27.1,60
2024-03-18,A,Afternoon,515,2.25,42,26.4,63
2024-03-18,A,Night,497,5.6,59,27.2,50
2024-03-18,B,Morning,443,1.58,31,27.5,57
2024-03-18,B,Afternoon,481,2.15,59,29.4,55
2024-03-18,B,Night,421,2.54,41,28.6,62
2024-03-19,A,Morning,537,2.99,42,27.8,65
2024-03-19,A,Afternoon,531,2.8,41,26.6,52
2024-03-19,A,Night,507,4.75,49,26.5,54
2024-03-19,B,Morning,479,1.85,23,23.1,59
2024-03-19,B,Afternoon,441,1.85,79,21.3,58
2024-03-19,B,Night,472,2.0,40,26.0,62
2024-03-20,A,Morning,486,3.06,39,24.2,55
2024-03-20,A,Afternoon,496,3.34,44,29.1,55
2024-03-20,A,Night,484,4.45,36,26.7,64
2024-03-20,B,Morning,471,2.16,47,26.6,58
2024-03-20,B,Afternoon,466,1.71,58,26.9,62
2024-03-20,B,Night,470,1.96,55,27.0,59
2024-03-21,A,Morning,581,2.92,53,26.3,62
2024-03-21,A,Afternoon,530,3.88,50,30.0,60
2024-03-21,A,Night,555,5.44,44,27.4,55
2024-03-21,B,Morning,446,2.36,30,25.3,59
2024-03-21,B,Afternoon,507,1.56,51,29.4,62
2024-03-21,B,Night,478,2.24,58,25.6,64
2024-03-22,A,Morning,521,4.09,48,29.2,57
2024-03-22,A,Afternoon,480,3.54,41,28.5,61
2024-03-22,A,Night,469,6.14,20,27.2,55
2024-03-22,B,Morning,482,2.02,50,26.4,61
2024-03-22,B,Afternoon,470,1.95,57,25.8,58
2024-03-22,B,Night,467,2.13,51,28.6,60
2024-03-23,A,Morning,500,2.9,26,25.1,56
2024-03-23,A,Afternoon,557,1.91,49,27.9,65
2024-03-23,A,Night,497,5.31,46,24.1,56
2024-03-23,B,Morning,458,2.11,34,25.5,61
2024-03-23,B,Afternoon,489,1.94,74,25.0,62
2024-03-23,B,Night,446,1.94,56,28.2,66
2024-03-24,A,Morning,547,5.06,30,30.4,57
2024-03-24,A,Afternoon,538,3.85,46,29.1,62
2024-03-24,A,Night,526,5.14,23,24.3,55
2024-03-24,B,Morning,471,2.0,51,24.7,63
2024-03-24,B,Afternoon,469,1.83,81,25.3,59
2024-03-24,B,Night,474,2.15,46,28.5,64
2024-03-25,A,Morning,520,4.17,52,30.0,53
2024-03-25,A,Afternoon,501,4.22,39,25.4,66
2024-03-25,A,Night,453,5.4,39,25.4,60
2024-03-25,B,Morning,445,2.36,45,30.5,62
2024-03-25,B,Afternoon,468,1.92,40,24.9,64
2024-03-25,B,Night,471,2.01,63,24.4,60
2024-03-26,A,Morning,537,2.93,43,27.1,52
2024-03-26,A,Afternoon,496,3.09,45,26.3,63
2024-03-26,A,Night,537,5.62,41,28.2,67
2024-03-26,B,Morning,469,2.17,56,24.8,58
2024-03-26,B,Afternoon,443,2.55,64,30.7,56
2024-03-26,B,Night,477,1.88,40,24.5,65
2024-03-27,A,Morning,475,2.69,48,25.7,70
2024-03-27,A,Afternoon,532,3.72,36,29.8,57
2024-03-27,A,Night,543,5.82,25,26.9,56
2024-03-27,B,Morning,507,2.4,52,27.6,60
2024-03-27,B,Afternoon,458,2.32,42,22.5,57
2024-03-27,B,Night,458,2.24,51,25.1,50
2024-03-28,A,Morning,527,2.89,42,25.0,60
2024-03-28,A,Afternoon,526,2.71,25,27.4,53
2024-03-28,A,Night,478,6.37,26,28.9,60
2024-03-28,B,Morning,480,1.94,36,25.2,62
2024-03-28,B,Afternoon,470,1.69,47,30.0,57
2024-03-28,B,Night,433,1.53,41,29.6,57
2024-03-29,A,Morning,597,2.85,44,25.1,56
2024-03-29,A,Afternoon,525,3.2,44,22.1,58
2024-03-29,A,Night,517,5.31,42,31.0,56
2024-03-29,B,Morning,513,1.52,56,28.7,61
2024-03-29,B,Afternoon,487,1.53,61,28.1,58
2024-03-29,B,Night,448,2.28,48,26.1,59
2024-03-30,A,Morning,593,3.59,24,29.3,60
2024-03-30,A,Afternoon,540,3.57,24,26.3,57
2024-03-30,A,Night,489,4.91,38,27.3,51
2024-03-30,B,Morning,466,2.13,43,28.0,66
2024-03-30,B,Afternoon,490,1.79,73,24.5,56
2024-03-30,B,Night,497,2.38,67,26.8,69
2024-03-31,A,Morning,525,2.78,34,25.9,69
2024-03-31,A,Afternoon,528,4.47,31,28.3,63
2024-03-31,A,Night,504,5.69,21,29.2,60
2024-03-31,B,Morning,447,1.76,28,29.3,55
2024-03-31,B,Afternoon,484,1.85,64,27.3,61
2024-03-31,B,Night,496,2.01,37,30.1,63
2024-04-01,A,Morning,494,3.16,35,28.3,63
2024-04-01,A,Afternoon,515,2.33,45,23.3,56
2024-04-01,A,Night,534,7.39,19,29.2,62
2024-04-01,B,Morning,436,2.32,40,25.5,66
2024-04-01,B,Afternoon,472,2.21,52,30.1,61
2024-04-01,B,Night,483,1.73,50,29.3,63
2024-04-02,A,Morning,538,3.22,58,24.1,71
2024-04-02,A,Afternoon,562,4.1,47,29.0,63
2024-04-02,A,Night,513,4.34,35,26.0,52
2024-04-02,B,Morning,441,1.98,52,27.6,59
2024-04-02,B,Afternoon,471,1.55,52,29.1,59
2024-04-02,B,Night,460,1.97,40,26.2,53
2024-04-03,A,Morning,523,3.37,39,26.0,55
2024-04-03,A,Afternoon,517,3.63,25,23.0,66
2024-04-03,A,Night,504,5.05,22,25.6,64
2024-04-03,B,Morning,508,2.0,42,29.3,64
2024-04-03,B,Afternoon,469,2.23,48,28.4,53
2024-04-03,B,Night,467,1.58,43,26.0,57
2024-04-04,A,Morning,496,4.11,35,31.6,63
2024-04-04,A,Afternoon,562,4.17,41,30.3,58
2024-04-04,A,Night,473,5.08,38,29.5,49
2024-04-04,B,Morning,468,2.56,43,23.4,57
2024-04-04,B,Afternoon,476,2.24,44,27.8,57
2024-04-04,B,Night,470,1.52,48,28.0,60
2024-04-05,A,Morning,520,2.95,34,24.0,61
2024-04-05,A,Afternoon,508,2.24,55,26.7,60
2024-04-05,A,Night,514,5.57,52,27.2,53
2024-04-05,B,Morning,495,1.88,32,26.4,62
2024-04-05,B,Afternoon,471,1.98,56,25.1,51
2024-04-05,B,Night,465,2.02,46,24.0,65
2024-04-06,A,Morning,523,3.41,35,28.8,59
2024-04-06,A,Afternoon,548,2.66,36,27.6,65
2024-04-06,A,Night,513,5.88,43,30.8,71
2024-04-06,B,Morning,442,1.61,52,25.8,67
2024-04-06,B,Afternoon,505,1.79,59,25.9,57
2024-04-06,B,Night,485,1.69,61,25.8,62
2024-04-07,A,Morning,521,2.81,27,25.3,61
2024-04-07,A,Afternoon,469,2.73,19,23.5,55
2024-04-07,A,Night,444,5.52,29,28.0,65
2024-04-07,B,Morning,490,1.9,43,28.1,59
2024-04-07,B,Afternoon,488,2.21,63,24.2,62
2024-04-07,B,Night,450,2.29,35,26.1,59
2024-04-08,A,Morning,529,3.03,21,24.1,62
2024-04-08,A,Afternoon,553,3.0,45,28.0,60
2024-04-08,A,Night,519,4.66,37,26.9,65
2024-04-08,B,Morning,467,1.5,49,27.3,53
2024-04-08,B,Afternoon,449,1.79,40,29.3,55
2024-04-08,B,Night,487,2.01,47,28.0,62
2024-04-09,A,Morning,515,3.02,46,23.9,54
2024-04-09,A,Afternoon,569,3.59,36,28.0,53
2024-04-09,A,Night,498,4.43,49,24.8,55
2024-04-09,B,Morning,462,2.13,39,26.5,61
2024-04-09,B,Afternoon,454,2.47,71,24.7,62
2024-04-09,B,Night,504,1.64,51,25.6,52
2024-04-10,A,Morning,510,3.16,45,25.2,63
2024-04-10,A,Afternoon,545,3.4,46,30.2,57
2024-04-10,A,Night,505,4.02,43,21.2,66
2024-04-10,B,Morning,468,1.88,61,29.6,61
2024-04-10,B,Afternoon,467,2.13,57,25.9,60
2024-04-10,B,Night,470,2.03,51,28.5,71
2024-04-11,A,Morning,537,3.18,37,25.6,60
2024-04-11,A,Afternoon,523,2.13,44,23.6,60
2024-04-11,A,Night,536,4.35,54,25.5,60
2024-04-11,B,Morning,404,1.62,30,25.4,49
2024-04-11,B,Afternoon,459,1.63,58,25.5,49
2024-04-11,B,Night,425,1.5,50,29.5,70
2024-04-12,A,Morning,518,3.09,42,25.5,56
2024-04-12,A,Afternoon,502,2.71,41,27.3,65
2024-04-12,A,Night,544,5.7,45,28.4,57
2024-04-12,B,Morning,477,2.12,24,24.6,58
2024-04-12,B,Afternoon,490,2.33,83,30.2,52
2024-04-12,B,Night,473,1.68,43,29.4,58
2024-04-13,A,Morning,529,2.37,36,27.6,66
2024-04-13,A,Afternoon,578,3.0,43,27.5,55
2024-04-13,A,Night,491,7.57,37,28.8,63
2024-04-13,B,Morning,467,2.28,38,29.9,62
2024-04-13,B,Afternoon,501,1.89,56,27.9,59
2024-04-13,B,Night,486,2.28,46,26.3,60
2024-04-14,A,Morning,539,2.91,33,25.6,62
2024-04-14,A,Afternoon,524,3.98,47,30.0,60
2024-04-14,A,Night,491,6.41,27,28.9,58
2024-04-14,B,Morning,451,1.76,49,23.0,63
2024-04-14,B,Afternoon,437,2.07,59,27.2,64
2024-04-14,B,Night,452,1.9,25,27.7,60
2024-04-15,A,Morning,518,2.71,49,26.4,70
2024-04-15,A,Afternoon,489,2.2,39,21.6,59
2024-04-15,A,Night,552,6.24,47,33.3,60
2024-04-15,B,Morning,470,2.22,52,27.2,54
2024-04-15,B,Afternoon,468,1.87,77,24.3,58
2024-04-15,B,Night,453,1.7,54,31.3,61
2024-04-16,A,Morning,566,3.21,51,26.9,56
2024-04-16,A,Afternoon,495,2.47,51,26.2,59
2024-04-16,A,Night,503,4.56,43,25.7,69
2024-04-16,B,Morning,503,1.85,44,24.5,60
2024-04-16,B,Afternoon,459,1.9,71,24.6,67
2024-04-16,B,Night,459,2.14,55,26.9,63
2024-04-17,A,Morning,544,3.25,46,26.7,61
2024-04-17,A,Afternoon,528,3.75,32,28.4,59
2024-04-17,A,Night,539,4.97,44,28.0,65
2024-04-17,B,Morning,448,2.74,50,25.7,66
2024-04-17,B,Afternoon,471,2.17,59,27.8,59
2024-04-17,B,Night,470,2.51,51,27.3,62
2024-04-18,A,Morning,541,2.63,39,26.2,66
2024-04-18,A,Afternoon,521,2.86,52,27.6,67
2024-04-18,A,Night,510,6.15,56,28.2,58
2024-04-18,B,Morning,448,1.61,31,26.9,64
2024-04-18,B,Afternoon,495,2.46,76,28.5,59
2024-04-18,B,Night,476,1.97,48,31.7,52
2024-04-19,A,Morning,501,2.93,35,25.1,53
2024-04-19,A,Afternoon,534,4.68,15,28.6,59
2024-04-19,A,Night,506,5.95,59,28.6,58
2024-04-19,B,Morning,459,2.44,24,29.1,58
2024-04-19,B,Afternoon,458,1.76,60,26.2,63
2024-04-19,B,Night,484,2.26,52,25.0,62
2024-04-20,A,Morning,509,4.05,29,28.6,59
2024-04-20,A,Afternoon,482,3.05,49,27.4,60
2024-04-20,A,Night,489,4.56,33,24.8,53
2024-04-20,B,Morning,460,1.87,40,31.3,64
2024-04-20,B,Afternoon,464,1.61,60,25.8,59
2024-04-20,B,Night,450,1.73,62,28.6,58
2024-04-21,A,Morning,513,4.13,36,29.4,55
2024-04-21,A,Afternoon,572,2.91,48,26.3,54
2024-04-21,A,Night,558,5.07,48,26.5,69
2024-04-21,B,Morning,465,2.0,51,25.3,51
2024-04-21,B,Afternoon,488,2.45,64,26.7,64
2024-04-21,B,Night,475,2.01,44,29.8,49
2024-04-22,A,Morning,554,2.52,30,28.7,65
2024-04-22,A,Afternoon,535,2.88,41,27.5,55
2024-04-22,A,Night,542,6.61,38,28.2,64
2024-04-22,B,Morning,474,1.56,46,25.5,57
2024-04-22,B,Afternoon,454,2.14,55,26.5,51
2024-04-22,B,Night,488,1.78,50,23.9,52
2024-04-23,A,Morning,533,4.18,35,28.7,63
2024-04-23,A,Afternoon,481,2.44,33,22.0,61
2024-04-23,A,Night,454,5.8,36,27.2,62
2024-04-23,B,Morning,466,1.9,35,26.5,60
2024-04-23,B,Afternoon,494,2.24,64,25.7,55
2024-04-23,B,Night,450,1.81,55,26.8,59
2024-04-24,A,Morning,555,2.17,41,26.3,59
2024-04-24,A,Afternoon,531,4.06,41,29.2,66
2024-04-24,A,Night,507,5.12,37,27.2,57
2024-04-24,B,Morning,436,2.3,41,25.5,64
2024-04-24,B,Afternoon,473,1.42,46,27.1,56
2024-04-24,B,Night,504,2.16,49,25.5,53
2024-04-25,A,Morning,491,3.23,40,25.7,62
2024-04-25,A,Afternoon,510,3.5,48,28.9,63
2024-04-25,A,Night,515,4.63,39,25.3,59
2024-04-25,B,Morning,477,1.95,34,20.7,64
2024-04-25,B,Afternoon,433,1.94,73,28.0,58
2024-04-25,B,Night,487,2.49,43,25.1,52
2024-04-26,A,Morning,476,3.0,49,26.4,60
2024-04-26,A,Afternoon,562,4.61,36,28.2,52
2024-04-26,A,Night,503,5.9,30,28.6,57
2024-04-26,B,Morning,494,2.05,57,26.5,62
2024-04-26,B,Afternoon,420,1.57,54,27.3,68
2024-04-26,B,Night,446,2.13,54,25.0,57
2024-04-27,A,Morning,562,3.14,33,24.1,64
2024-04-27,A,Afternoon,528,2.95,37,23.9,69
2024-04-27,A,Night,524,6.59,22,28.2,58
2024-04-27,B,Morning,471,2.19,39,27.7,63
2024-04-27,B,Afternoon,462,1.95,74,26.6,56
2024-04-27,B,Night,465,2.26,70,26.7,69
2024-04-28,A,Morning,480,3.06,35,27.9,53
2024-04-28,A,Afternoon,522,2.66,41,25.3,56
2024-04-28,A,Night,497,4.42,27,24.9,57
2024-04-28,B,Morning,499,1.8,31,31.3,57
2024-04-28,B,Afternoon,475,1.76,56,28.9,58
2024-04-28,B,Night,483,2.06,24,23.6,49
2024-04-29,A,Morning,519,3.73,17,24.7,55
2024-04-29,A,Afternoon,482,3.61,42,29.2,58
2024-04-29,A,Night,504,4.91,38,27.8,56
2024-04-29,B,Morning,496,2.22,35,25.9,60
2024-04-29,B,Afternoon,475,2.28,58,27.4,58
2024-04-29,B,Night,448,2.29,44,28.2,53
2024-04-30,A,Morning,533,3.48,52,27.0,55
2024-04-30,A,Afternoon,511,4.67,31,28.5,60
2024-04-30,A,Night,521,3.79,53,25.8,53
2024-04-30,B,Morning,448,1.78,63,30.1,58
2024-04-30,B,Afternoon,443,1.71,48,29.3,58
2024-04-30,B,Night,456,2.22,67,25.7,54
2024-05-01,A,Morning,529,4.1,53,25.7,58
2024-05-01,A,Afternoon,494,4.22,36,29.5,64
2024-05-01,A,Night,508,5.22,44,29.2,52
2024-05-01,B,Morning,505,1.79,41,27.4,64
2024-05-01,B,Afternoon,481,2.09,77,25.8,57
2024-05-01,B,Night,472,1.75,45,31.0,55
2024-05-02,A,Morning,503,2.09,58,27.4,56
2024-05-02,A,Afternoon,494,3.73,45,30.0,54
2024-05-02,A,Night,531,5.06,39,27.3,65
2024-05-02,B,Morning,469,1.96,36,23.4,63
2024-05-02,B,Afternoon,447,2.0,65,29.8,67
2024-05-02,B,Night,465,2.27,51,25.5,60
2024-05-03,A,Morning,534,2.83,42,27.0,50
2024-05-03,A,Afternoon,511,4.09,23,26.4,51
2024-05-03,A,Night,498,5.77,42,25.7,53
2024-05-03,B,Morning,468,2.53,39,27.3,61
2024-05-03,B,Afternoon,484,2.3,76,29.7,63
2024-05-03,B,Night,481,2.07,62,23.8,52
2024-05-04,A,Morning,536,3.59,25,27.9,50
2024-05-04,A,Afternoon,486,2.36,36,26.9,46
2024-05-04,A,Night,525,5.58,44,29.4,65
2024-05-04,B,Morning,468,2.01,50,30.2,56
2024-05-04,B,Afternoon,452,2.0,46,28.0,58
2024-05-04,B,Night,502,2.2,65,26.9,49
2024-05-05,A,Morning,550,2.98,42,27.1,57
2024-05-05,A,Afternoon,511,2.46,50,27.1,57
2024-05-05,A,Night,548,5.83,51,25.7,60
2024-05-05,B,Morning,495,1.67,49,27.5,54
2024-05-05,B,Afternoon,506,1.67,44,27.0,60
2024-05-05,B,Night,483,1.59,21,25.3,58
2024-05-06,A,Morning,527,4.1,35,25.4,57
2024-05-06,A,Afternoon,492,3.33,32,26.7,57
2024-05-06,A,Night,507,5.98,54,29.3,60
2024-05-06,B,Morning,471,1.64,49,27.3,62
2024-05-06,B,Afternoon,465,2.14,57,27.5,60
2024-05-06,B,Night,488,2.3,45,28.6,51
2024-05-07,A,Morning,528,2.5,32,27.0,54
2024-05-07,A,Afternoon,478,3.45,22,28.2,51
2024-05-07,A,Night,490,4.53,29,28.4,52
2024-05-07,B,Morning,454,2.22,38,27.5,56
2024-05-07,B,Afternoon,487,1.82,73,29.4,64
2024-05-07,B,Night,443,1.9,55,30.6,58
2024-05-08,A,Morning,513,3.53,38,23.7,69
2024-05-08,A,Afternoon,512,2.88,41,24.7,55
2024-05-08,A,Night,531,5.63,47,28.5,63
2024-05-08,B,Morning,476,1.74,53,28.3,53
2024-05-08,B,Afternoon,458,1.61,65,24.8,53
2024-05-08,B,Night,501,2.45,31,31.4,60
2024-05-09,A,Morning,553,4.17,30,28.7,62
2024-05-09,A,Afternoon,542,2.91,46,26.0,49
2024-05-09,A,Night,512,5.96,37,25.2,53
2024-05-09,B,Morning,485,1.85,53,25.4,56
2024-05-09,B,Afternoon,487,1.99,67,24.9,66
2024-05-09,B,Night,481,2.2,51,23.9,59
2024-05-10,A,Morning,563,3.16,39,26.2,61
2024-05-10,A,Afternoon,530,3.05,44,25.5,57
2024-05-10,A,Night,531,4.13,29,26.3,56
2024-05-10,B,Morning,473,2.5,42,27.0,62
2024-05-10,B,Afternoon,465,2.24,72,26.1,64
2024-05-10,B,Night,472,1.9,43,28.2,60
2024-05-11,A,Morning,530,2.32,48,26.7,53
2024-05-11,A,Afternoon,552,2.54,44,25.3,58
2024-05-11,A,Night,530,7.04,32,29.6,53
2024-05-11,B,Morning,482,1.4,44,29.7,63
2024-05-11,B,Afternoon,440,1.56,57,25.8,62
2024-05-11,B,Night,484,2.53,21,29.4,67
2024-05-12,A,Morning,555,3.07,40,27.5,59
2024-05-12,A,Afternoon,536,2.46,41,27.4,65
2024-05-12,A,Night,484,5.63,35,25.5,53
2024-05-12,B,Morning,448,1.92,49,28.0,56
2024-05-12,B,Afternoon,429,1.77,56,28.3,58
2024-05-12,B,Night,491,1.95,56,27.3,55
2024-05-13,A,Morning,474,3.45,33,26.9,49
2024-05-13,A,Afternoon,550,3.1,33,31.6,58
2024-05-13,A,Night,498,3.95,39,27.7,58
2024-05-13,B,Morning,435,2.42,50,25.2,59
2024-05-13,B,Afternoon,440,2.05,63,28.7,53
2024-05-13,B,Night,493,2.01,30,26.6,63
2024-05-14,A,Morning,497,2.36,28,26.4,71
2024-05-14,A,Afternoon,516,4.2,58,29.6,57
2024-05-14,A,Night,501,4.67,40,28.4,63
2024-05-14,B,Morning,473,2.33,64,27.9,54
2024-05-14,B,Afternoon,478,1.78,68,25.3,60
2024-05-14,B,Night,493,2.48,47,23.9,51
2024-05-15,A,Morning,529,2.53,40,24.8,58
2024-05-15,A,Afternoon,530,2.5,43,26.3,59
2024-05-15,A,Night,504,5.03,39,25.6,64
2024-05-15,B,Morning,489,1.88,55,27.8,62
2024-05-15,B,Afternoon,463,2.19,48,28.9,61
2024-05-15,B,Night,470,1.7,55,24.3,60
2024-05-16,A,Morning,552,3.07,45,27.5,61
2024-05-16,A,Afternoon,502,3.47,49,29.4,53
2024-05-16,A,Night,495,6.05,24,29.7,54
2024-05-16,B,Morning,449,1.95,41,27.2,60
2024-05-16,B,Afternoon,495,2.09,65,26.1,54
2024-05-16,B,Night,440,1.94,49,28.4,62
2024-05-17,A,Morning,527,3.51,49,26.6,62
2024-05-17,A,Afternoon,510,3.92,60,25.2,56
2024-05-17,A,Night,512,4.61,42,22.7,59
2024-05-17,B,Morning,472,2.01,58,24.8,56
2024-05-17,B,Afternoon,468,1.65,68,28.7,57
2024-05-17,B,Night,482,1.92,32,27.1,62
2024-05-18,A,Morning,556,2.8,33,28.7,58
2024-05-18,A,Afternoon,510,2.98,49,26.8,52
2024-05-18,A,Night,540,5.35,63,25.7,64
2024-05-18,B,Morning,474,1.91,39,25.0,68
2024-05-18,B,Afternoon,437,2.49,67,27.0,51
2024-05-18,B,Night,474,2.13,36,28.3,60
2024-05-19,A,Morning,554,2.78,36,25.1,56
2024-05-19,A,Afternoon,545,2.48,42,26.9,59
2024-05-19,A,Night,523,5.04,34,27.9,53
2024-05-19,B,Morning,497,2.25,52,21.8,61
2024-05-19,B,Afternoon,451,2.35,43,25.4,60
2024-05-19,B,Night,490,2.34,34,29.1,51
2024-05-20,A,Morning,544,3.5,45,28.2,57
2024-05-20,A,Afternoon,475,2.46,47,25.2,64
2024-05-20,A,Night,500,5.32,40,29.0,61
2024-05-20,B,Morning,477,1.98,53,29.2,57
2024-05-20,B,Afternoon,434,2.07,66,29.0,64
2024-05-20,B,Night,442,2.33,62,28.2,58
2024-05-21,A,Morning,576,2.72,52,24.3,62
2024-05-21,A,Afternoon,517,3.39,43,27.5,60
2024-05-21,A,Night,510,4.87,34,26.4,60
2024-05-21,B,Morning,506,2.42,58,25.3,60
2024-05-21,B,Afternoon,443,2.06,71,25.2,61
2024-05-21,B,Night,475,1.78,32,29.7,56
2024-05-22,A,Morning,584,3.59,50,28.7,67
2024-05-22,A,Afternoon,592,3.21,51,26.3,65
2024-05-22,A,Night,508,4.41,46,27.3,66
2024-05-22,B,Morning,496,1.99,32,25.1,61
2024-05-22,B,Afternoon,477,2.57,73,27.5,58
2024-05-22,B,Night,466,2.41,34,25.2,59
2024-05-23,A,Morning,475,2.94,20,24.1,69
2024-05-23,A,Afternoon,457,2.67,36,24.0,57
2024-05-23,A,Night,482,4.99,44,26.5,63
2024-05-23,B,Morning,477,1.91,51,25.7,54
2024-05-23,B,Afternoon,477,1.88,74,25.4,68
2024-05-23,B,Night,448,1.96,53,27.0,60
2024-05-24,A,Morning,519,3.1,40,25.5,63
2024-05-24,A,Afternoon,510,2.91,36,23.5,63
2024-05-24,A,Night,507,5.03,31,24.7,56
2024-05-24,B,Morning,469,2.57,26,29.4,52
2024-05-24,B,Afternoon,474,2.07,42,26.2,53
2024-05-24,B,Night,447,1.67,47,30.9,58
2024-05-25,A,Morning,534,2.12,48,26.9,58
2024-05-25,A,Afternoon,513,4.43,38,28.3,50
2024-05-25,A,Night,544,4.17,45,27.5,54
2024-05-25,B,Morning,492,1.95,61,28.4,58
2024-05-25,B,Afternoon,499,1.83,70,25.7,65
2024-05-25,B,Night,450,1.82,41,28.7,58
2024-05-26,A,Morning,481,2.69,17,24.4,53
2024-05-26,A,Afternoon,537,3.86,39,29.2,55
2024-05-26,A,Night,516,4.87,35,26.4,55
2024-05-26,B,Morning,508,1.92,52,28.6,58
2024-05-26,B,Afternoon,499,2.23,61,23.5,60
2024-05-26,B,Night,503,2.35,56,26.3,61
2024-05-27,A,Morning,485,1.74,48,23.3,60
2024-05-27,A,Afternoon,514,2.52,37,26.3,63
2024-05-27,A,Night,511,4.79,20,28.2,53
2024-05-27,B,Morning,448,1.91,25,26.2,62
2024-05-27,B,Afternoon,443,1.69,65,26.1,58
2024-05-27,B,Night,472,2.33,53,26.3,59
2024-05-28,A,Morning,535,4.5,34,29.3,71
2024-05-28,A,Afternoon,522,2.66,37,25.8,52
2024-05-28,A,Night,598,4.38,44,26.6,65
2024-05-28,B,Morning,473,2.01,34,26.3,57
2024-05-28,B,Afternoon,462,1.77,77,25.0,62
2024-05-28,B,Night,480,1.73,44,25.2,62
2024-05-29,A,Morning,544,4.02,49,26.1,55
2024-05-29,A,Afternoon,518,4.52,48,29.9,72
2024-05-29,A,Night,481,5.11,45,26.2,52
2024-05-29,B,Morning,461,1.46,38,28.6,61
2024-05-29,B,Afternoon,476,1.9,61,28.4,56
2024-05-29,B,Night,468,2.02,46,24.7,59
2024-05-30,A,Morning,537,2.74,58,24.7,56
2024-05-30,A,Afternoon,542,4.02,51,29.3,63
2024-05-30,A,Night,507,6.22,27,29.7,63
2024-05-30,B,Morning,457,2.47,40,27.2,53
2024-05-30,B,Afternoon,453,1.79,68,31.3,62
2024-05-30,B,Night,469,1.89,28,24.7,57
2024-05-31,A,Morning,486,4.3,28,28.0,62
2024-05-31,A,Afternoon,538,3.82,48,29.7,58
2024-05-31,A,Night,500,4.51,41,28.8,59
2024-05-31,B,Morning,513,1.83,54,29.2,61
2024-05-31,B,Afternoon,435,1.19,64,29.1,63
2024-05-31,B,Night,501,2.39,38,30.9,53
2024-06-01,A,Morning,516,3.39,39,25.2,62
2024-06-01,A,Afternoon,528,3.95,37,28.6,61
2024-06-01,A,Night,495,6.21,51,25.8,66
2024-06-01,B,Morning,480,2.05,42,24.4,55
2024-06-01,B,Afternoon,474,2.11,67,30.6,57
2024-06-01,B,Night,458,2.24,52,31.3,63
2024-06-02,A,Morning,510,3.9,41,26.2,63
2024-06-02,A,Afternoon,519,3.61,34,26.6,57
2024-06-02,A,Night,545,4.64,28,26.1,54
2024-06-02,B,Morning,492,1.49,55,23.1,66
2024-06-02,B,Afternoon,461,2.18,67,24.7,64
2024-06-02,B,Night,452,2.27,35,29.1,61
2024-06-03,A,Morning,508,2.96,30,26.5,62
2024-06-03,A,Afternoon,536,3.34,50,26.6,64
2024-06-03,A,Night,502,4.72,36,24.2,58
2024-06-03,B,Morning,459,2.36,46,24.1,58
2024-06-03,B,Afternoon,448,2.42,69,26.1,55
2024-06-03,B,Night,469,1.85,47,24.0,53
2024-06-04,A,Morning,547,3.2,38,28.4,64
2024-06-04,A,Afternoon,490,2.82,47,26.9,58
2024-06-04,A,Night,445,4.2,31,24.2,63
2024-06-04,B,Morning,479,2.54,26,30.0,60
2024-06-04,B,Afternoon,478,2.06,72,27.3,54
2024-06-04,B,Night,511,2.62,56,24.2,56
2024-06-05,A,Morning,516,2.45,65,26.5,65
2024-06-05,A,Afternoon,496,2.9,37,25.5,64
2024-06-05,A,Night,463,4.34,26,26.1,53
2024-06-05,B,Morning,493,2.15,33,27.0,65
2024-06-05,B,Afternoon,459,1.71,56,28.3,63
2024-06-05,B,Night,464,2.41,27,29.9,64
2024-06-06,A,Morning,528,3.06,32,27.1,64
2024-06-06,A,Afternoon,533,2.94,59,25.9,60
2024-06-06,A,Night,500,4.72,44,24.2,52
2024-06-06,B,Morning,482,1.85,63,25.0,59
2024-06-06,B,Afternoon,438,2.44,71,27.6,54
2024-06-06,B,Night,500,1.93,62,26.0,61
2024-06-07,A,Morning,555,2.85,48,24.1,59
2024-06-07,A,Afternoon,502,2.66,45,27.7,60
2024-06-07,A,Night,472,5.46,43,31.5,57
2024-06-07,B,Morning,439,1.54,59,25.7,54
2024-06-07,B,Afternoon,482,2.13,88,27.2,54
2024-06-07,B,Night,482,1.58,30,28.9,52
2024-06-08,A,Morning,523,1.88,33,27.0,55
2024-06-08,A,Afternoon,551,3.04,41,24.3,58
2024-06-08,A,Night,474,5.42,41,29.3,62
2024-06-08,B,Morning,471,2.03,29,25.4,66
2024-06-08,B,Afternoon,453,2.3,63,28.0,54
2024-06-08,B,Night,459,1.91,15,26.3,62
2024-06-09,A,Morning,529,3.31,42,23.6,69
2024-06-09,A,Afternoon,521,3.16,56,24.6,61
2024-06-09,A,Night,528,4.55,43,26.9,61
2024-06-09,B,Morning,485,1.92,53,26.5,64
2024-06-09,B,Afternoon,448,2.33,54,26.8,60
2024-06-09,B,Night,454,1.86,46,31.5,61
2024-06-10,A,Morning,518,4.0,55,30.0,49
2024-06-10,A,Afternoon,542,2.79,46,27.1,62
2024-06-10,A,Night,494,5.67,29,29.2,64
2024-06-10,B,Morning,444,1.98,53,23.4,60
2024-06-10,B,Afternoon,486,2.06,51,27.1,64
2024-06-10,B,Night,479,1.89,36,24.8,61
2024-06-11,A,Morning,505,2.89,46,25.2,68
2024-06-11,A,Afternoon,496,3.2,21,24.2,68
2024-06-11,A,Night,498,4.36,35,26.1,61
2024-06-11,B,Morning,456,1.81,34,26.5,55
2024-06-11,B,Afternoon,468,1.66,63,28.1,57
2024-06-11,B,Night,491,1.47,53,30.1,70
2024-06-12,A,Morning,541,3.75,36,19.7,53
2024-06-12,A,Afternoon,530,2.58,29,24.9,54
2024-06-12,A,Night,458,6.45,30,29.1,68
2024-06-12,B,Morning,471,1.77,58,25.9,64
2024-06-12,B,Afternoon,465,2.14,64,27.7,63
2024-06-12,B,Night,474,1.95,59,28.5,61
2024-06-13,A,Morning,518,2.93,47,26.3,62
2024-06-13,A,Afternoon,567,3.49,42,28.5,60
2024-06-13,A,Night,476,5.53,21,26.2,58
2024-06-13,B,Morning,461,1.19,50,31.1,60
2024-06-13,B,Afternoon,496,2.28,69,25.1,61
2024-06-13,B,Night,457,2.17,29,27.9,59
2024-06-14,A,Morning,544,3.05,57,26.5,61
2024-06-14,A,Afternoon,525,3.37,47,25.5,61
2024-06-14,A,Night,474,5.96,43,30.0,62
2024-06-14,B,Morning,501,2.28,50,26.7,62
2024-06-14,B,Afternoon,456,2.1,41,26.5,58
2024-06-14,B,Night,471,1.95,34,28.1,57
2024-06-15,A,Morning,523,2.62,47,27.1,63
2024-06-15,A,Afternoon,560,3.51,43,28.3,69
2024-06-15,A,Night,496,6.27,31,29.4,53
2024-06-15,B,Morning,486,1.65,49,27.5,61
2024-06-15,B,Afternoon,494,1.98,60,23.1,63
2024-06-15,B,Night,447,1.9,40,25.7,61
2024-06-16,A,Morning,520,2.48,31,26.2,67
2024-06-16,A,Afternoon,514,3.32,38,25.6,62
2024-06-16,A,Night,495,5.21,38,25.0,54
2024-06-16,B,Morning,462,2.58,41,26.0,54
2024-06-16,B,Afternoon,458,2.24,51,29.2,59
2024-06-16,B,Night,483,1.99,51,26.4,63
2024-06-17,A,Morning,557,3.85,43,28.7,63
2024-06-17,A,Afternoon,504,2.68,55,23.9,59
2024-06-17,A,Night,533,4.54,38,23.2,60
2024-06-17,B,Morning,465,1.75,61,25.1,63
2024-06-17,B,Afternoon,455,1.67,52,25.6,58
2024-06-17,B,Night,504,2.19,36,30.6,58
2024-06-18,A,Morning,495,3.25,28,26.1,66
2024-06-18,A,Afternoon,508,3.92,52,28.0,66
2024-06-18,A,Night,537,8.12,35,29.7,62
2024-06-18,B,Morning,474,1.6,36,28.1,67
2024-06-18,B,Afternoon,472,1.92,55,24.4,54
2024-06-18,B,Night,458,1.93,46,28.6,55
2024-06-19,A,Morning,473,2.77,27,27.9,65
2024-06-19,A,Afternoon,559,3.71,36,27.3,61
2024-06-19,A,Night,497,4.97,39,26.8,61
2024-06-19,B,Morning,463,2.16,51,31.5,68
2024-06-19,B,Afternoon,454,2.22,32,30.9,68
2024-06-19,B,Night,424,1.84,38,25.3,56
2024-06-20,A,Morning,513,3.12,59,27.7,62
2024-06-20,A,Afternoon,532,3.47,18,26.5,58
2024-06-20,A,Night,555,4.51,47,28.0,61
2024-06-20,B,Morning,447,2.22,34,26.7,51
2024-06-20,B,Afternoon,447,2.07,59,25.4,63
2024-06-20,B,Night,508,2.21,45,23.2,50
2024-06-21,A,Morning,540,3.68,42,30.5,61
2024-06-21,A,Afternoon,519,3.68,34,25.9,68
2024-06-21,A,Night,499,5.02,46,24.9,58
2024-06-21,B,Morning,493,1.81,49,26.5,58
2024-06-21,B,Afternoon,453,2.42,70,26.2,59
2024-06-21,B,Night,472,1.76,45,25.9,67
2024-06-22,A,Morning,496,2.58,40,25.4,54
2024-06-22,A,Afternoon,507,2.84,61,28.2,57
2024-06-22,A,Night,559,4.19,32,23.6,55
2024-06-22,B,Morning,473,1.64,46,24.6,59
2024-06-22,B,Afternoon,491,2.06,60,27.1,59
2024-06-22,B,Night,468,2.06,42,28.0,57
2024-06-23,A,Morning,522,4.05,26,25.2,62
2024-06-23,A,Afternoon,498,2.57,38,27.6,63
2024-06-23,A,Night,462,4.72,63,25.8,55
2024-06-23,B,Morning,492,1.81,55,30.5,62
2024-06-23,B,Afternoon,473,1.77,56,29.3,48
2024-06-23,B,Night,464,2.11,44,27.4,59
2024-06-24,A,Morning,540,2.5,34,27.1,58
2024-06-24,A,Afternoon,533,3.61,39,28.1,59
2024-06-24,A,Night,499,4.82,42,26.2,63
2024-06-24,B,Morning,458,2.16,55,25.6,56
2024-06-24,B,Afternoon,463,1.81,67,26.3,59
2024-06-24,B,Night,458,2.43,66,25.2,59
2024-06-25,A,Morning,552,2.06,39,26.4,65
2024-06-25,A,Afternoon,503,3.52,35,26.6,64
2024-06-25,A,Night,505,4.51,54,27.3,62
2024-06-25,B,Morning,471,1.85,52,24.8,60
2024-06-25,B,Afternoon,454,1.74,82,32.3,64
2024-06-25,B,Night,467,2.19,48,28.4,55
2024-06-26,A,Morning,507,4.4,52,28.1,60
2024-06-26,A,Afternoon,491,3.77,45,28.2,57
2024-06-26,A,Night,495,4.32,30,27.1,60
2024-06-26,B,Morning,463,2.1,39,27.0,59
2024-06-26,B,Afternoon,489,1.58,46,26.6,66
2024-06-26,B,Night,460,2.44,50,22.7,57
2024-06-27,A,Morning,524,3.29,40,24.8,66
2024-06-27,A,Afternoon,538,4.3,31,28.9,58
2024-06-27,A,Night,496,6.9,39,29.1,56
2024-06-27,B,Morning,466,1.76,41,26.1,60
2024-06-27,B,Afternoon,491,1.97,55,26.9,60
2024-06-27,B,Night,470,2.05,44,30.8,57
2024-06-28,A,Morning,466,1.71,30,27.4,52
2024-06-28,A,Afternoon,532,3.31,17,26.7,66
2024-06-28,A,Night,508,5.18,45,25.7,66
2024-06-28,B,Morning,464,1.94,37,26.4,63
2024-06-28,B,Afternoon,494,2.16,49,29.0,54
2024-06-28,B,Night,481,2.01,40,30.4,59
